,Peter,Schmidt,pschmidt0@aboutads.info,28
,Christina,Hart,chart1@dropbox.com,29
,Victor,Watkins,vwatkins4@newsvine.com,29
,Eric,Thompson,ethompson6@buzzfeed.com,28
,Phyllis,Vasquez,pvasquez7@blogspot.com,28
,Alan,Gutierrez,agutierrez8@about.me,26
,Elizabeth,Myers,emyersa@bigcartel.com,29
,Emily,Phillips,ephillipsb@1688.com,29
,Pamela,Watson,pwatsone@pen.io,25
,Harold,Mills,hmillsf@va.gov,28
,Fred,Gordon,fgordonh@chronoengine.com,27
,Dorothy,Elliott,delliottl@yandex.ru,26
,Louise,Wheeler,lwheelern@amazon.de,27
,Kenneth,Henderson,khendersonq@liveinternet.ru,26
,Bobby,Snyder,bsnyderr@symantec.com,30
,Julia,Bowman,jbowmant@sogou.com,27
,Timothy,Nelson,tnelsonu@nydailynews.com,30
,Johnny,Mendoza,jmendozaw@mit.edu,29
,Diana,Allen,dalleny@hubpages.com,25
,Roy,King,rking10@hatena.ne.jp,25
,Philip,Carter,pcarter12@themeforest.net,30
,Andrea,Fuller,afuller13@about.me,26
,Matthew,Fox,mfox15@google.com.au,25
,Annie,Mitchell,amitchell16@si.edu,29
,Kenneth,Cooper,kcooper17@studiopress.com,29
,George,Gardner,ggardner19@liveinternet.ru,25
,Sara,Fowler,sfowler1a@mac.com,27
,Fred,Howard,fhoward1b@youtu.be,30
,Patrick,Hayes,phayes1e@acquirethisname.com,28
,Tammy,Allen,tallen1f@blog.com,25
,Bonnie,Wells,bwells1j@geocities.com,27
,Carlos,Mcdonald,cmcdonald1l@cbc.ca,25
,Stephanie,Andrews,sandrews1n@icio.us,26
,Christine,Simpson,csimpson1v@netscape.com,29
,Annie,Day,aday1x@joomla.org,26
,Brandon,Bailey,bbailey1y@berkeley.edu,28
,Robert,Graham,rgraham1z@homestead.com,29
,Stephen,Frazier,sfrazier21@feedburner.com,25
,Kimberly,Cook,kcook23@foxnews.com,26
,Gloria,Montgomery,gmontgomery24@comcast.net,26
,Sharon,Willis,swillis26@si.edu,28
,Louis,Fowler,lfowler28@exblog.jp,29
,Lawrence,Weaver,lweaver29@gizmodo.com,27
,Richard,Turner,rturner2a@uol.com.br,25
,Betty,Nelson,bnelson2b@redcross.org,25
,Russell,Wilson,rwilson2c@walmart.com,28
,Philip,Bradley,pbradley2d@elegantthemes.com,28
,Lawrence,Larson,llarson2h@hatena.ne.jp,28
,Jeremy,Nichols,jnichols2i@eventbrite.com,25
,Heather,Harper,hharper2m@walmart.com,27
,Bruce,Day,bday2q@ca.gov,27
